source,type,title,summary,url,published,keywords_found,timestamp,score,comments
USGS Earthquakes,RSS_NEWS,"M 5.7 - 2 km SSE of Tambongon, Philippines","<p class=""quicksummary""><a class=""pager-green"" href=""https://earthquake.usgs.gov/earthquakes/eventpage/us6000rgrd#pager"" title=""PAGER estimated impact alert level"">PAGER - <strong class=""roman"">GREEN<...",https://earthquake.usgs.gov/earthquakes/eventpage/us6000rgrd,,"['earthquake', 'quake']",2025-10-15T09:22:48.008168,,
USGS Earthquakes,RSS_NEWS,M 7.6 - Drake Passage,"<p class=""quicksummary""><a class=""pager-green"" href=""https://earthquake.usgs.gov/earthquakes/eventpage/us6000rgf4#pager"" title=""PAGER estimated impact alert level"">PAGER - <strong class=""roman"">GREEN<...",https://earthquake.usgs.gov/earthquakes/eventpage/us6000rgf4,,"['earthquake', 'tsunami', 'quake']",2025-10-15T09:22:48.008204,,
USGS Earthquakes,RSS_NEWS,"M 6.7 - 23 km ESE of Santiago, Philippines","<p class=""quicksummary""><a class=""pager-green"" href=""https://earthquake.usgs.gov/earthquakes/eventpage/us6000rg2r#pager"" title=""PAGER estimated impact alert level"">PAGER - <strong class=""roman"">GREEN<...",https://earthquake.usgs.gov/earthquakes/eventpage/us6000rg2r,,"['earthquake', 'tsunami', 'quake']",2025-10-15T09:22:48.008229,,
USGS Earthquakes,RSS_NEWS,"M 6.3 - 134 km SE of Lorengau, Papua New Guinea","<p class=""quicksummary""><a class=""pager-green"" href=""https://earthquake.usgs.gov/earthquakes/eventpage/us6000rfye#pager"" title=""PAGER estimated impact alert level"">PAGER - <strong class=""roman"">GREEN<...",https://earthquake.usgs.gov/earthquakes/eventpage/us6000rfye,,"['earthquake', 'quake']",2025-10-15T09:22:48.008250,,
USGS Earthquakes,RSS_NEWS,"M 7.4 - 20 km E of Santiago, Philippines","<p class=""quicksummary""><a class=""pager-yellow"" href=""https://earthquake.usgs.gov/earthquakes/eventpage/us6000rfwz#pager"" title=""PAGER estimated impact alert level"">PAGER - <strong class=""roman"">YELLO...",https://earthquake.usgs.gov/earthquakes/eventpage/us6000rfwz,,"['earthquake', 'tsunami', 'quake']",2025-10-15T09:22:48.008272,,
USGS Earthquakes,RSS_NEWS,"M 5.5 - 210 km N of Daocheng, China","<p class=""quicksummary""><a class=""pager-yellow"" href=""https://earthquake.usgs.gov/earthquakes/eventpage/us6000rfs1#pager"" title=""PAGER estimated impact alert level"">PAGER - <strong class=""roman"">YELLO...",https://earthquake.usgs.gov/earthquakes/eventpage/us6000rfs1,,"['earthquake', 'quake']",2025-10-15T09:22:48.008295,,
r/news,REDDIT,Fire in chemical warehouse and garment factory in Bangladesh capital leaves at least 9 dead,,https://reddit.com/r/news/comments/1o6fa4r/fire_in_chemical_warehouse_and_garment_factory_in/,,['fire'],2025-10-15T09:22:48.587629,354.0,8.0
r/news,REDDIT,"Pakistan, Afghanistan agree to temporary, 48-hour ceasefire, Islamabad says",,https://reddit.com/r/news/comments/1o7arya/pakistan_afghanistan_agree_to_temporary_48hour/,,['fire'],2025-10-15T09:22:48.587662,4.0,0.0
r/news,REDDIT,Fire at Brazil power substation causes blackout across several states,,https://reddit.com/r/news/comments/1o7askg/fire_at_brazil_power_substation_causes_blackout/,,['fire'],2025-10-15T09:22:48.587680,2.0,0.0
r/CatastrophicFailure,REDDIT,Posting Guidelines - Read Before Submitting,"#Posting Rules

## 1. No jokes/memes

If your post is a joke or meme, it does not belong here. This includes posts about politicians, celebrities, movies or products that flopped, bad business/PR deci...",https://reddit.com/r/CatastrophicFailure/comments/6zcd1j/posting_guidelines_read_before_submitting/,,['disaster'],2025-10-15T09:22:49.914973,682.0,56.0
r/CatastrophicFailure,REDDIT,Tennessee AES Plant Explosion 10.10.2025,"There are many news articles and posts relating to this incident. I wanted to give people a better understanding of what the purpose of the building was, hazards, and potential causes of this incident...",https://reddit.com/r/CatastrophicFailure/comments/1o5uq3u/tennessee_aes_plant_explosion_10102025/,,"['storm', 'fire']",2025-10-15T09:22:49.915150,168.0,33.0
r/CatastrophicFailure,REDDIT,"Train derailed after colliding with combine harvester ‚Äî Page, North Dakota, USA, October 9, 2025","The westbound BNSF stack train on the railroad's KO subdivision struck a combine harvester at the unsignalized grade crossing with 133th Avenue SE northwest of the town of Page, derailing the locomoti...",https://reddit.com/r/CatastrophicFailure/comments/1o3kjxl/train_derailed_after_colliding_with_combine/,,['fire'],2025-10-15T09:22:49.915210,620.0,77.0
r/CatastrophicFailure,REDDIT,"Transformer Explosions During the 7.6 Magnitude Mindanao Earthquake | October 10, 2025",,https://reddit.com/r/CatastrophicFailure/comments/1o2xdiy/transformer_explosions_during_the_76_magnitude/,,"['earthquake', 'quake']",2025-10-15T09:22:49.915227,751.0,91.0
r/CatastrophicFailure,REDDIT,"73 years ago yesterday: the Harrow and Wealdstone disaster, the second deadliest rail disaster in British history. The driver of an express service passes a signal at danger and crashes into a local service, with the debris being hit by a third train coming the other way. 112 dead, 340 injured.","Image 1: the wreckage left strewn over the platforms and fast lines of Harrow and Wealdstone station.

Image 2: all that was left of the lead locomotive of the third train, 45367 Windward Islands. 

F...",https://reddit.com/r/CatastrophicFailure/comments/1o20jo8/73_years_ago_yesterday_the_harrow_and_wealdstone/,,['disaster'],2025-10-15T09:22:49.915266,613.0,18.0
r/CatastrophicFailure,REDDIT,"Damage from the June 20, 2025, Enderlin, North Dakota tornado. Earlier today, the National Weather Service office in Grand Forks rated the tornado an EF5, the first tornado to receive such rating since 2013",,https://reddit.com/r/CatastrophicFailure/comments/1nzxz2b/damage_from_the_june_20_2025_enderlin_north/,,['tornado'],2025-10-15T09:22:49.915275,1156.0,55.0
r/CatastrophicFailure,REDDIT,"Explosion and fire at Chevron refinery in El Segundo, California. 10/2/2025",,https://reddit.com/r/CatastrophicFailure/comments/1nwvsj4/explosion_and_fire_at_chevron_refinery_in_el/,,['fire'],2025-10-15T09:22:49.915298,1320.0,130.0
r/CatastrophicFailure,REDDIT,"Partial building collapse after high-speed pickup truck crash in Boring, Oregon ‚ÄîSeptember 30, 2025","Driver of the pickup was killed when they crashed through the front of the Timber Pub and Grub around 6 AM, causing part of the building to collapse. This was the second fatal car-into-building crash ...",https://reddit.com/r/CatastrophicFailure/comments/1nuuf42/partial_building_collapse_after_highspeed_pickup/,,['fire'],2025-10-15T09:22:49.915342,775.0,84.0
r/CatastrophicFailure,REDDIT,"Firefly‚Äôs Alpha rocket second stage explodes during ground test. Briggs Texas, 2025-09-29",,https://reddit.com/r/CatastrophicFailure/comments/1ntv91j/fireflys_alpha_rocket_second_stage_explodes/,,['fire'],2025-10-15T09:22:49.915352,713.0,46.0
r/CatastrophicFailure,REDDIT,"On May 22, 1967, the Brussels department store Innovation burned down.","The Inno building on Nieuwstraat in Brussels, which now houses the Galeria of the German department store group Kaufhof, is for sale. Sales are falling and such department stores are also losing popul...",https://reddit.com/r/CatastrophicFailure/comments/1nr789v/on_may_22_1967_the_brussels_department_store/,,"['disaster', 'fire']",2025-10-15T09:22:49.915454,708.0,39.0
r/NaturalDisasters,REDDIT,"Death toll from Mexico flooding rises to 44, dozens more missing",,https://reddit.com/r/NaturalDisasters/comments/1o4yum8/death_toll_from_mexico_flooding_rises_to_44/,,['flood'],2025-10-15T09:22:51.050056,6.0,0.0
r/NaturalDisasters,REDDIT,Have you experienced a natural disaster in the past five years?,We are occupational therapy students conducting a research study to better understand how natural disasters affect daily life and recovery. We recognize that experiences like these can be deeply perso...,https://reddit.com/r/NaturalDisasters/comments/1o0g75l/have_you_experienced_a_natural_disaster_in_the/,,['disaster'],2025-10-15T09:22:51.050112,18.0,3.0
r/NaturalDisasters,REDDIT,"Summary of climate disasters on the planet, from September 17 to 24, 2025","While catastrophic floods and typhoons wreak havoc on the ground, a less visible danger is increasing in our atmosphere. This recap of recent global climate disasters also explores the alarming rise o...",https://reddit.com/r/NaturalDisasters/comments/1nzw2mw/summary_of_climate_disasters_on_the_planet_from/,,"['flood', 'disaster']",2025-10-15T09:22:51.050124,4.0,0.0
r/NaturalDisasters,REDDIT,Sewage Leiden Streets After a Flash Flood and Flood,The morning after an eight foot flash flood tore down this street and many more like them in Milwaukee on the morning of August 10th 2025. The ‚Äúresidue‚Äù left over is sewage and trash.,https://reddit.com/r/NaturalDisasters/comments/1nt9lx1/sewage_leiden_streets_after_a_flash_flood_and/,,['flood'],2025-10-15T09:22:51.050140,1.0,2.0
r/NaturalDisasters,REDDIT,"Summary of natural disasters on the planet from September 10 to 19, 2025","‚ùóÔ∏è This Week: Floods in Bali, Hail in Beijing, Drought in South Korea, a Tornado in Colombia and a New Shock in Kamchatka!

Seismologists were stunned. They believed the M7.4 quake near Kamchatka on 1...",https://reddit.com/r/NaturalDisasters/comments/1nrdtpn/summary_of_natural_disasters_on_the_planet_from/,,"['earthquake', 'tornado', 'flood', 'disaster', 'quake', 'drought']",2025-10-15T09:22:51.050166,6.0,0.0
r/NaturalDisasters,REDDIT,Russian earthquake hits near military submarine base as US sent stark warning,,https://reddit.com/r/NaturalDisasters/comments/1nkk2oj/russian_earthquake_hits_near_military_submarine/,,"['earthquake', 'quake']",2025-10-15T09:22:51.050172,78.0,1.0
r/NaturalDisasters,REDDIT,Pre-existing Housing Aid Analysis Form,"Hello everyone, I am currently in a course which focuses on utilizing the engineering design process to solve a real world problem. My team and I have chosen to work towards creating more accessible a...",https://reddit.com/r/NaturalDisasters/comments/1nku3f3/preexisting_housing_aid_analysis_form/,,['disaster'],2025-10-15T09:22:51.050189,2.0,2.0
r/NaturalDisasters,REDDIT,"Summary of climate disasters on the planet from September 3 to 9, 2025","üü¢¬†[https://rumble.com/v6z39cg-invisible-danger-above-us-energy-trapped-in-the-atmosphere.html](https://rumble.com/v6z39cg-invisible-danger-above-us-energy-trapped-in-the-atmosphere.html)

üî¥¬†[https://y...",https://reddit.com/r/NaturalDisasters/comments/1nkl8c9/summary_of_climate_disasters_on_the_planet_from/,,"['tornado', 'flood', 'disaster', 'landslide']",2025-10-15T09:22:51.050221,7.0,0.0
r/NaturalDisasters,REDDIT,Tsunami shows up to the world‚Äôs dumbest beach party- Chile 2010,,https://reddit.com/r/NaturalDisasters/comments/1njlhqk/tsunami_shows_up_to_the_worlds_dumbest_beach/,,['tsunami'],2025-10-15T09:22:51.050228,3.0,1.0
r/NaturalDisasters,REDDIT,"Jithe tak paani chadh gaya, uthe tak duaavan vi uthiyan üôè Punjab floods",,https://reddit.com/r/NaturalDisasters/comments/1n5i80s/jithe_tak_paani_chadh_gaya_uthe_tak_duaavan_vi/,,['flood'],2025-10-15T09:22:51.050234,5.0,1.0
r/NaturalDisasters,REDDIT,"In January 1915, one of the most devastating and largest earthquakes in modern Italian history occurred.",,https://reddit.com/r/NaturalDisasters/comments/1n1bi6x/in_january_1915_one_of_the_most_devastating_and/,,"['earthquake', 'quake']",2025-10-15T09:22:51.050241,5.0,0.0
r/NaturalDisasters,REDDIT,I don't know if we can share our own videos here,"I don't know if we can share our own videos here but There is a video I recorded as a search and rescuer of the chaos that occurred during the Bursa, T√ºrkiye forest fires. I tried adding subtitles in ...",https://reddit.com/r/NaturalDisasters/comments/1mz8iof/i_dont_know_if_we_can_share_our_own_videos_here/,,['fire'],2025-10-15T09:22:51.050258,5.0,0.0
r/NaturalDisasters,REDDIT,SANDSTORM!!,"Can't open the window obviously. Location. Jeddah, Saudi Arabia ",https://reddit.com/r/NaturalDisasters/comments/1mwez7b/sandstorm/,,['storm'],2025-10-15T09:22:51.050264,15.0,8.0
r/NaturalDisasters,REDDIT,How to get out of the drought-fire-flood cycle,,https://reddit.com/r/NaturalDisasters/comments/1mw6r4u/how_to_get_out_of_the_droughtfireflood_cycle/,,"['flood', 'fire', 'drought']",2025-10-15T09:22:51.050269,1.0,0.0
r/NaturalDisasters,REDDIT,Massive flash floods hit Karachi,,https://reddit.com/r/NaturalDisasters/comments/1mvne0k/massive_flash_floods_hit_karachi/,,['flood'],2025-10-15T09:22:51.050273,2.0,0.0
r/NaturalDisasters,REDDIT,Portugal wildfire engulfs town in seconds #shocking,,https://reddit.com/r/NaturalDisasters/comments/1mv3gyu/portugal_wildfire_engulfs_town_in_seconds_shocking/,,"['wildfire', 'fire']",2025-10-15T09:22:51.050278,7.0,1.0
r/NaturalDisasters,REDDIT,Could rapid Antarctic ice melt actually trigger a massive tsunami in the Indian Ocean?,"Hi everyone, I‚Äôve been researching climate change and its impacts on coastal regions, and I had a question I was hoping the community could help me with.

If Antarctica‚Äôs ice were to melt rapidly or c...",https://reddit.com/r/NaturalDisasters/comments/1muuwi5/could_rapid_antarctic_ice_melt_actually_trigger_a/,,"['earthquake', 'tsunami', 'quake', 'landslide']",2025-10-15T09:22:51.050303,7.0,3.0
r/NaturalDisasters,REDDIT,Man narrowly escapes wildfire as it engulfs his town,,https://reddit.com/r/NaturalDisasters/comments/1mv1gld/man_narrowly_escapes_wildfire_as_it_engulfs_his/,,"['wildfire', 'fire']",2025-10-15T09:22:51.050308,1.0,0.0
r/NaturalDisasters,REDDIT,Is it possible for a rogue wave to turn into a tsunami?,It it possible ,https://reddit.com/r/NaturalDisasters/comments/1mu3r46/is_it_possible_for_a_rogue_wave_to_turn_into_a/,,['tsunami'],2025-10-15T09:22:51.050313,1.0,1.0
r/NaturalDisasters,REDDIT,"Flash Flood in Mandi, India ‚Äì Streets Buried in Mud After Cloudburst (2025)","On July 29, 2025, a powerful cloudburst triggered a massive flash flood in Mandi, Himachal Pradesh, India.  
Entire streets were buried under mud and debris, cars were swept away, and several lives we...",https://reddit.com/r/NaturalDisasters/comments/1ms04k5/flash_flood_in_mandi_india_streets_buried_in_mud/,,"['flood', 'disaster']",2025-10-15T09:22:51.050328,7.0,0.0
r/NaturalDisasters,REDDIT,Um guys?,"I was just chilling when my power went out. I looked outside and saw THIS. WHY CAN'T I GO ONE SECOND WITHOUT SOMETHING CATCHING ON FIRE. (the house isn't on fire, the base of the mountain is. Or maybe...",https://reddit.com/r/NaturalDisasters/comments/1mpgl6a/um_guys/,,['fire'],2025-10-15T09:22:51.050339,26.0,2.0
r/weather,REDDIT,As the storm clears out,Los Angeles (San Fernando Valley) after rare early season storm moved out of the region.,https://reddit.com/r/weather/comments/1o6yfau/as_the_storm_clears_out/,,['storm'],2025-10-15T09:22:52.304307,8.0,0.0
r/weather,REDDIT,"October 11, 2025 | Extreme Weather Events &amp; Natural Phenomena Worldwide",Full description of events: [https://www.reddit.com/r/CreativeSociety4all/comments/1o6pxz5/october\_11\_2025\_climate\_disasters\_around\_the/](https://www.reddit.com/r/CreativeSociety4all/comments/1o...,https://reddit.com/r/weather/comments/1o6qgk9/october_11_2025_extreme_weather_events_natural/,,['disaster'],2025-10-15T09:22:52.304350,8.0,0.0
r/weather,REDDIT,"Severe Storms (Microburst) Rocks Tempe, Arizona",,https://reddit.com/r/weather/comments/1o6rxj3/severe_storms_microburst_rocks_tempe_arizona/,,['storm'],2025-10-15T09:22:52.304364,4.0,0.0
r/weather,REDDIT,El Reno be like,"Yes i know tornados are based on damage, windspeeds and a whole bunch of other factors with the EF scale. this just popped into my mind and i thought it was funny",https://reddit.com/r/weather/comments/1o6l87z/el_reno_be_like/,,['tornado'],2025-10-15T09:22:52.304389,5.0,15.0
r/weather,REDDIT,Phoenix sunset on an Eastern storm.,,https://reddit.com/r/weather/comments/1o62fja/phoenix_sunset_on_an_eastern_storm/,,['storm'],2025-10-15T09:22:52.304399,81.0,3.0
r/weather,REDDIT,"October 10, 2025 | Extreme Weather Events &amp; Natural Phenomena Worldwide",Full description of events: [https://www.reddit.com/r/CreativeSociety4all/comments/1o5q0yh/october\_10\_2025\_climate\_disasters\_around\_the/](https://www.reddit.com/r/CreativeSociety4all/comments/1o...,https://reddit.com/r/weather/comments/1o5x0qv/october_10_2025_extreme_weather_events_natural/,,['disaster'],2025-10-15T09:22:52.304421,44.0,2.0
r/weather,REDDIT,What the heck is radar anyway?,I guess I really don't understand radar. I've always used the maps to track storms and so forth but I very often find that it is not raining when the radar indicates it should be. Now granted I live i...,https://reddit.com/r/weather/comments/1o6vnnv/what_the_heck_is_radar_anyway/,,['storm'],2025-10-15T09:22:52.304442,0.0,6.0
r/weather,REDDIT,Phoenix storm clouds on the way.,It‚Äôs a gentle sprinkle now. Hope you all have a magnificent Monday.,https://reddit.com/r/weather/comments/1o5uwjf/phoenix_storm_clouds_on_the_way/,,['storm'],2025-10-15T09:22:52.304475,15.0,0.0
r/weather,REDDIT,Good weather today :),"Wind is about 8m/s, an antenna on my apartment block collapsed, storm alert and a triple rainbow. Nice.",https://reddit.com/r/weather/comments/1o5fvzi/good_weather_today/,,['storm'],2025-10-15T09:22:52.304490,11.0,1.0
r/weather,REDDIT,"Severe flooding from river overflow - Poza Rica, Veracruz, Mexico - October 10, 2025",,https://reddit.com/r/weather/comments/1o59p8f/severe_flooding_from_river_overflow_poza_rica/,,['flood'],2025-10-15T09:22:52.304499,25.0,1.0
r/weather,REDDIT,A flash flood EMERGENCY was just issued for Queen Valley AZ,,https://reddit.com/r/weather/comments/1o4vn0j/a_flash_flood_emergency_was_just_issued_for_queen/,,"['flood', 'emergency']",2025-10-15T09:22:52.304506,81.0,7.0
r/weather,REDDIT,"October 9, 2025 | Extreme Weather Events &amp; Natural Phenomena Worldwide",Full description of events: [https://www.reddit.com/r/CreativeSociety4all/comments/1o5258i/october\_9\_2025\_climate\_disasters\_around\_the\_world/](https://www.reddit.com/r/CreativeSociety4all/comme...,https://reddit.com/r/weather/comments/1o5d77m/october_9_2025_extreme_weather_events_natural/,,['disaster'],2025-10-15T09:22:52.304581,3.0,0.0
r/weather,REDDIT,New Jersey declares state of emergency as nor‚Äôeaster approaches,,https://reddit.com/r/weather/comments/1o4xi4e/new_jersey_declares_state_of_emergency_as/,,['emergency'],2025-10-15T09:22:52.304645,27.0,0.0
r/weather,REDDIT,"Death toll from Mexico flooding rises to 44, dozens more missing",,https://reddit.com/r/weather/comments/1o4ytdc/death_toll_from_mexico_flooding_rises_to_44/,,['flood'],2025-10-15T09:22:52.304655,13.0,0.0
r/weather,REDDIT,Why don't the leaves blow off trees in hurricanes?," videos of hurricanes with the I have been watching flying off buildings and 28 foot waves hitting the downtown and the trees are bending over like crazy and the branches vibrating, but it does not lo...",https://reddit.com/r/weather/comments/1o5kp1h/why_dont_the_leaves_blow_off_trees_in_hurricanes/,,['hurricane'],2025-10-15T09:22:52.304686,0.0,25.0
r/Wildfire,REDDIT,**How to Get a Job as a Wildland Firefighter*,"**How to apply for a Fed Job (USFS, BLM, BIA, FWS) - Revised 07/29/2023**

* **Apply to jobs in Sept.-Feb. on** [**https://www.usajobs.gov**](https://www.usajobs.gov/) . Search for things such as ‚Äúfor...",https://reddit.com/r/Wildfire/comments/ud6u7n/how_to_get_a_job_as_a_wildland_firefighter/,,"['wildfire', 'fire']",2025-10-15T09:22:53.096807,439.0,114.0
r/Wildfire,REDDIT,Who should I employ under for wildland firefighter.,I‚Äôve got a fair bit of experience in tree work. I‚Äôm a climber for an arborist company in lower Michigan and heard some pork talking about wild land firefighting. I‚Äôve done a lot of research and I‚Äôm th...,https://reddit.com/r/Wildfire/comments/1o6x8qy/who_should_i_employ_under_for_wildland_firefighter/,,['fire'],2025-10-15T09:22:53.096837,8.0,13.0
r/Wildfire,REDDIT,Interloper asking for a bit of your expertise....,The hotshot I had been consulting with for my book went and got his ass married this week (excited for him!) but that means I don't want to bug him with my stupid questions while he's on his honeymoon...,https://reddit.com/r/Wildfire/comments/1o5zipf/interloper_asking_for_a_bit_of_your_expertise/,,['fire'],2025-10-15T09:22:53.096911,11.0,51.0
r/Wildfire,REDDIT,Looking for insights on experiencing a wildfire,"I‚Äôm looking to hear from people who have¬†experienced a wildfire¬†or¬†been involved in helping during one¬†(e.g. volunteering, firefighting, community support, etc.).

I‚Äôm a¬†master‚Äôs student in Innovation...",https://reddit.com/r/Wildfire/comments/1o6byma/looking_for_insights_on_experiencing_a_wildfire/,,"['wildfire', 'emergency', 'fire']",2025-10-15T09:22:53.096937,0.0,14.0
r/Wildfire,REDDIT,Pickett Fire Burn Scar in California Site of Flash Flooding During Heavy October Rain Over Napa County,,https://reddit.com/r/Wildfire/comments/1o62yx3/pickett_fire_burn_scar_in_california_site_of/,,"['flood', 'fire']",2025-10-15T09:22:53.096945,1.0,1.0
r/Wildfire,REDDIT,Chances of getting into hotshot crew with no experience?,"I‚Äôm just curious what the chances of getting on with a hotshot crew with no experience are? I have no previous fire or military experience. I‚Äôm 30, college educated (not that it matters) and have seve...",https://reddit.com/r/Wildfire/comments/1o5rxd4/chances_of_getting_into_hotshot_crew_with_no/,,['fire'],2025-10-15T09:22:53.096966,4.0,23.0
r/Wildfire,REDDIT,Conservation Corps North Carolina Fire Crew,"Anybody here been on the fire crew they sponsor for winter/spring. PT expectations? Daily project work ? What‚Äôs the housing situation look like, I‚Äôm aware they offer it but not much more.",https://reddit.com/r/Wildfire/comments/1o5u91n/conservation_corps_north_carolina_fire_crew/,,['fire'],2025-10-15T09:22:53.096977,1.0,4.0
r/Wildfire,REDDIT,Counties with wildland jobs that aren‚Äôt fed/private?,"Hey all, I‚Äôm looking for city/state/county opportunities that have a wildland division where the job title isn‚Äôt primarily EMT related responses or house fires. Was a hotshot for 3 years and looking t...",https://reddit.com/r/Wildfire/comments/1o59j04/counties_with_wildland_jobs_that_arent_fedprivate/,,['fire'],2025-10-15T09:22:53.096994,12.0,23.0
r/Wildfire,REDDIT,Wildfire meets thunderstorm ‚Äî our E3SM simulation reproduces the 2020 Creek Fire #pyroCb for the first time in a climate model!,"Using DOE‚Äôs E3SM model with high-resolution wildfire simulations, we successfully reproduced the massive pyrocumulonimbus (pyroCb) cloud generated by California‚Äôs 2020 Creek Fire ‚Äî a thunderstorm crea...",https://reddit.com/r/Wildfire/comments/1o5473v/wildfire_meets_thunderstorm_our_e3sm_simulation/,,"['wildfire', 'storm', 'fire']",2025-10-15T09:22:53.097014,17.0,8.0
r/Wildfire,REDDIT,Over Earn Limit Q?,"So I do a fire assignment maybe once or twice a year. This past week I looked at my paystub as it looked a little light. 

It turns out they took some money from the Over Earn Limit, now I don‚Äôt typic...",https://reddit.com/r/Wildfire/comments/1o5bj4r/over_earn_limit_q/,,['fire'],2025-10-15T09:22:53.097029,4.0,6.0
r/Wildfire,REDDIT,USFW winter season?,"Hey yall, recently got a job on a winter fire crew with fish and wildlife back on east coast (NC)from December to May and was wondering if anyone‚Äôs done the same? It seems pretty fun and gets some dif...",https://reddit.com/r/Wildfire/comments/1o5bp1p/usfw_winter_season/,,['fire'],2025-10-15T09:22:53.097043,2.0,6.0
r/Wildfire,REDDIT,College,The wildland firefighting world how far can you typically go before needing a college degree or do you ever need a college degree?,https://reddit.com/r/Wildfire/comments/1o4ccgv/college/,,['fire'],2025-10-15T09:22:53.097057,14.0,11.0
r/Wildfire,REDDIT,Would a holdover fire risk system like this actually help in real wildfire work?,"Hey folks,  
I wanted to get some brutally honest thoughts from people who actually deal with fires, just trying to see if my idea makes any sense. I saw a news story about the Palisades fire being tr...",https://reddit.com/r/Wildfire/comments/1o3u336/would_a_holdover_fire_risk_system_like_this/,,"['wildfire', 'fire']",2025-10-15T09:22:53.097105,2.0,20.0
r/Wildfire,REDDIT,Checkered Background,"Can I get into Wildland Fire through the DOI with a simple assault charge and a 1st degree harassment (dropped) charge? This case happened about 2.5 years ago, but it‚Äôs done and over with. ",https://reddit.com/r/Wildfire/comments/1o3htmd/checkered_background/,,['fire'],2025-10-15T09:22:53.097118,3.0,7.0
r/Wildfire,REDDIT,Developmental IHCs,"Full time USFS employee, never been primary fire but have been fire militia and currently have a single resource task book open. Considering applying to one of the developmental IHCs. Hoping to hear f...",https://reddit.com/r/Wildfire/comments/1o2g5mu/developmental_ihcs/,,['fire'],2025-10-15T09:22:53.097144,17.0,21.0
r/earthquake,REDDIT,This photo in Severo‚ÄìKurilsk Russia in 1952 This road was destroyed by a magnitude 9.0 earthquake in Servero‚ÄìKurilsk Russia. ,,https://reddit.com/r/earthquake/comments/1e1xyxf/this_photo_in_severokurilsk_russia_in_1952_this/,,"['earthquake', 'quake']",2025-10-15T09:22:53.419915,3.0,0.0
r/earthquake,REDDIT,Earthquake alert Magnitude 7.0 Earthquake Mindanao Philippines,,https://reddit.com/r/earthquake/comments/1e0jmjx/earthquake_alert_magnitude_70_earthquake_mindanao/,,"['earthquake', 'quake']",2025-10-15T09:22:53.419928,1.0,0.0
r/earthquake,REDDIT,earthquake USA indiana,"earthquake happened 9:37 AM Fort Wayne i know it they try to tell me not but i know. the earth will rumble in anger so yes i know it yes, i believe it all.  the earth will. do not fool me. i will know...",https://reddit.com/r/earthquake/comments/1d45zts/earthquake_usa_indiana/,,"['earthquake', 'quake']",2025-10-15T09:22:53.419935,0.0,0.0
r/earthquake,REDDIT,Thank you so much,Thank you for the hard work of the search and rescue team #daily#liveinthemoment #earthquake#Â§ßearthquake„Å´„ÅØÂ§á„Åà„Å¶„Åä„Åç„Åæ„Åó„Çá„ÅÜ#earthquake#Taiwan_Come_on#God_bless_Taiwan,https://reddit.com/r/earthquake/comments/1bzmxr0/thank_you_so_much/,,"['earthquake', 'quake']",2025-10-15T09:22:53.419943,1.0,1.0
r/earthquake,REDDIT,NYC officials took more than 20 minutes to alert New Yorkers about earthquake,I am not the only one to have noticed.  [https://gothamist.com/news/nyc-officials-took-over-20-minutes-to-alert-new-yorkers-about-earthquake](https://gothamist.com/news/nyc-officials-took-over-20-minu...,https://reddit.com/r/earthquake/comments/1bxh4ij/nyc_officials_took_more_than_20_minutes_to_alert/,,"['earthquake', 'quake']",2025-10-15T09:22:53.419950,2.0,0.0
r/earthquake,REDDIT,"This Bay Area quake fault is far more dangerous than previously known, new mapping shows | the West Napa Fault stretches from just north of St. Helena and past Calistoga ‚Äî about 9 miles farther north than previously thought.",,https://reddit.com/r/earthquake/comments/18rouxp/this_bay_area_quake_fault_is_far_more_dangerous/,,['quake'],2025-10-15T09:22:53.419959,1.0,0.0
r/earthquake,REDDIT,1906 San Francisco Earthquake Footage of Aftermath,,https://reddit.com/r/earthquake/comments/16b0ady/1906_san_francisco_earthquake_footage_of_aftermath/,,"['earthquake', 'quake']",2025-10-15T09:22:53.419963,1.0,0.0
r/earthquake,REDDIT,Projected losses from a major California earthquake soar. What‚Äôs behind sesimic inflation?,,https://reddit.com/r/earthquake/comments/133vi9w/projected_losses_from_a_major_california/,,"['earthquake', 'quake']",2025-10-15T09:22:53.419967,1.0,0.0
r/earthquake,REDDIT,"A deadly building flaw common in California brings destruction and misery to Turkey, Syria ‚Äî The flaws of non-ductile concrete construction are found across California, with many buildings having not been evaluated or retrofitted and at risk of collapse in a serious earthquake.",,https://reddit.com/r/earthquake/comments/10ywmn2/a_deadly_building_flaw_common_in_california/,,"['earthquake', 'quake']",2025-10-15T09:22:53.419975,1.0,0.0
r/TropicalWeather,REDDIT,Global Tropical Outlook &amp; Discussion: 13-19 October 2025,"# Active cyclones
- - - 
**Last updated:** Thursday, 9 October ‚Äî 18:00 UTC

## Western Pacific

* [**29W: Nakri**](https://www.reddit.com/r/TropicalWeather/comments/1o1leru/nakri_29w_western_pacific_s...",https://reddit.com/r/TropicalWeather/comments/1o69nf3/global_tropical_outlook_discussion_1319_october/,,"['hurricane', 'storm', 'cyclone']",2025-10-15T09:22:54.347626,11.0,0.0
r/TropicalWeather,REDDIT,Lorenzo (12L ‚Äî Northern Atlantic) (Eastern and Central Tropical Atlantic),"# Latest observation
- - - - - - - - - - - - - - - - - - - -
**Last updated:** Tuesday, 14 October ‚Äî¬†5:00 PM Atlantic Standard Time (AST; 21:00 UTC)

## Observed information

* **Current position:** 1...",https://reddit.com/r/TropicalWeather/comments/1o5ev9r/lorenzo_12l_northern_atlantic_eastern_and_central/,,"['hurricane', 'storm']",2025-10-15T09:22:54.347964,17.0,6.0
r/TropicalWeather,REDDIT,91E (Invest ‚Äî Eastern Pacific) (South of Mexico),"# Latest observation
- - - - - - - - - - - - - - - - - - - -
**Last updated:** Tuesday, 14 October ‚Äî¬†5:00 PM Pacific Daylight Time (PDT; 00:00 UTC)

## Observed information

* **Current position:** 12...",https://reddit.com/r/TropicalWeather/comments/1o6y3di/91e_invest_eastern_pacific_south_of_mexico/,,"['hurricane', 'storm', 'cyclone']",2025-10-15T09:22:54.348211,4.0,1.0
r/TropicalWeather,REDDIT,Why don't the leaves blow off trees in hurricanes?,"I have been watching videos of hurricanes with the roofs flying off buildings and 28 foot waves hitting the downtown and the trees are bending over like crazy and the branches vibrating, but it does n...",https://reddit.com/r/TropicalWeather/comments/1o5kt62/why_dont_the_leaves_blow_off_trees_in_hurricanes/,,['hurricane'],2025-10-15T09:22:54.348237,0.0,32.0
r/TropicalWeather,REDDIT,97L (Invest ‚Äî Northern Atlantic) (Eastern and Central Atlantic),"# Latest observation
- - - - - - - - - - - - - - - - - - - -
**Last updated:** Monday, 13 October ‚Äî 2:00 AM Atlantic Standard Time (AST; 06:00 UTC)

## Observed information

* **Current position:** 13...",https://reddit.com/r/TropicalWeather/comments/1o4ixn4/97l_invest_northern_atlantic_eastern_and_central/,,"['hurricane', 'storm', 'cyclone']",2025-10-15T09:22:54.348531,18.0,7.0
r/TropicalWeather,REDDIT,Earth from Space: Cyclone Errol,,https://reddit.com/r/TropicalWeather/comments/1o3dfr1/earth_from_space_cyclone_errol/,,['cyclone'],2025-10-15T09:22:54.348577,6.0,0.0
r/TropicalWeather,REDDIT,Karen (11L ‚Äî Northern Atlantic) (Northeastern Atlantic),"# Latest observation
- - - - - - - - - - - - - - - - - - - -
**Last updated:** Friday, 10 October ‚Äî¬†3:00 PM Greenwich Mean Time (GMT; 15:00 UTC)

| NHC Advisory #3  |  -  |  3:00 PM GMT (15:00 UTC)
|:...",https://reddit.com/r/TropicalWeather/comments/1o2znrt/karen_11l_northern_atlantic_northeastern_atlantic/,,"['hurricane', 'storm', 'cyclone']",2025-10-15T09:22:54.349074,19.0,10.0
r/TropicalWeather,REDDIT,Tough weekend coming for the southern Outer Banks- Dare County advises residents and visitors to prepare for potential impacts from coastal storm,,https://reddit.com/r/TropicalWeather/comments/1o2ji0a/tough_weekend_coming_for_the_southern_outer_banks/,,['storm'],2025-10-15T09:22:54.349119,10.0,1.0
r/TropicalWeather,REDDIT,Southwest Pacific Tropical Cyclone Outlook -October 2025,,https://reddit.com/r/TropicalWeather/comments/1o29utu/southwest_pacific_tropical_cyclone_outlook/,,['cyclone'],2025-10-15T09:22:54.349133,10.0,2.0
r/TropicalWeather,REDDIT,Raymond (17E ‚Äî Eastern Pacific) (Southwest of Mexico),"# Update
- - - - - - - - - - - - - - - - - - - - 
This system is no longer being tracked via the Automated Tropical Cyclone Forecast (ATCF) system.  There will be no further updates to this post.

# L...",https://reddit.com/r/TropicalWeather/comments/1o2cynx/raymond_17e_eastern_pacific_southwest_of_mexico/,,"['hurricane', 'storm', 'cyclone']",2025-10-15T09:22:54.349287,4.0,2.0
r/TropicalWeather,REDDIT,Senate Confirms ‚ÄòSharpiegate‚Äô Meteorologist to Lead NOAA | Neil Jacobs was found to have violated NOAA‚Äôs code of ethics after an investigation into an incident that centered on an altered hurricane forecast map in 2019.,,https://reddit.com/r/TropicalWeather/comments/1o10pzs/senate_confirms_sharpiegate_meteorologist_to_lead/,,['hurricane'],2025-10-15T09:22:54.349303,331.0,27.0
r/TropicalWeather,REDDIT,30th anniversary of Hurricane Opal,"In 1995, Hurricane Opal was a major Category 4 hurricane that caused widespread destruction and flooding across the Yucat√°n Peninsula and the southeastern United States. 

The 15th named storm of the ...",https://reddit.com/r/TropicalWeather/comments/1o1806i/30th_anniversary_of_hurricane_opal/,,"['hurricane', 'flood', 'storm']",2025-10-15T09:22:54.349332,20.0,4.0
r/TropicalWeather,REDDIT,Nakri (29W ‚Äî Western Pacific) (South of Japan),"# Latest observation
- - - - - - - - - - - - - - - - - - - -
**Last updated:** Wednesday, 15 October ‚Äî¬†3:00 AM Japan Standard Time (JST; 18:00 UTC)

## Observed information

* **Current position:** 35...",https://reddit.com/r/TropicalWeather/comments/1o1leru/nakri_29w_western_pacific_south_of_japan/,,"['hurricane', 'storm', 'cyclone']",2025-10-15T09:22:54.349513,3.0,2.0
r/TropicalWeather,REDDIT,Jerry (10L ‚Äî Northern Atlantic) (Central Tropical Atlantic),"# Latest observation
- - - - - - - - - - - - - - - - - - - -
**Last updated:** Saturday, 11 October ‚Äî¬†5:00 PM Atlantic Standard Time (AST; 21:00 UTC)

| NHC Advisory #18  |  -  |  5:00 PM AST (21:00 U...",https://reddit.com/r/TropicalWeather/comments/1o0g1t0/jerry_10l_northern_atlantic_central_tropical/,,"['hurricane', 'storm']",2025-10-15T09:22:54.349740,32.0,28.0
r/TropicalWeather,REDDIT,90E (Invest ‚Äî Eastern Pacific) (South of Mexico),"# Latest observation
---
**Last updated:** Wednesday, 8 October ‚Äî¬†11:00 AM Pacific Daylight Time (PDT; 18:00 UTC)

| ATCF  |    |  11:00 AM PDT (18:00 UTC)
|:-|:-:|:-
| **Current location:**          ...",https://reddit.com/r/TropicalWeather/comments/1o0o6zs/90e_invest_eastern_pacific_south_of_mexico/,,"['hurricane', 'flood', 'storm', 'cyclone']",2025-10-15T09:22:54.349984,4.0,1.0
r/TropicalWeather,REDDIT,The NHC is monitoring an area of potential development over the Bay of Campeche,"# Outlook discussion
- - - - - - - - - - - - - - - - - - - -
**Last updated:** Tuesday, 7 October 2025 ‚Äî¬†2:00 PM Central Standard Time (CST; 18:00 UTC)

**Discussion by: David Roth** and **Richard Ban...",https://reddit.com/r/TropicalWeather/comments/1nzsvb3/the_nhc_is_monitoring_an_area_of_potential/,,"['hurricane', 'storm', 'cyclone']",2025-10-15T09:22:54.350151,25.0,3.0
r/TropicalWeather,REDDIT,Global Tropical Outlook &amp; Discussion: 6-12 October 2025,"# Active cyclones
- - - 
**Last updated:** Thursday, 9 October ‚Äî 18:00 UTC

## Western Pacific

* [**28W: Halong**](https://www.reddit.com/r/TropicalWeather/comments/1nyg6h7/halong_28w_western_pacific...",https://reddit.com/r/TropicalWeather/comments/1nze6jf/global_tropical_outlook_discussion_612_october/,,"['hurricane', 'flood', 'storm', 'cyclone']",2025-10-15T09:22:54.350348,13.0,1.0
r/TropicalWeather,REDDIT,Halong (28W ‚Äî Western Pacific) (South of Japan),"# Update
- - - - - - - - - - - - - - - - - - - - 
This system is no longer being tracked via the Automated Tropical Cyclone Forecast (ATCF) system.  There will be no further updates to this post.

# L...",https://reddit.com/r/TropicalWeather/comments/1nyg6h7/halong_28w_western_pacific_south_of_japan/,,"['hurricane', 'storm', 'cyclone']",2025-10-15T09:22:54.350525,9.0,1.0
r/TropicalWeather,REDDIT,Priscilla (16E ‚Äî Eastern Pacific) (Southwest of Mexico),"# Update
- - - - - - - - - - - - - - - - - - - -
This system is no longer being tracked via the Automated Tropical Cyclone Forecast (ATCF) system.  There will be no further updates to this post.

# La...",https://reddit.com/r/TropicalWeather/comments/1nyfxiy/priscilla_16e_eastern_pacific_southwest_of_mexico/,,"['hurricane', 'storm', 'cyclone']",2025-10-15T09:22:54.350686,8.0,4.0
r/TropicalWeather,REDDIT,The NHC has highlighted an area of low pressure over the north-central Gulf of Mexico which is not expected to develop into a tropical cyclone,"# Outlook discussion
- - - - - - - - - - - - - - - - - - - -
**Last updated:** Saturday, 4 October ‚Äî 7:00 AM Central Daylight Time (CDT; 12:00 UTC)

**Discussion by: Robbie Berg** (NHC Hurricane Speci...",https://reddit.com/r/TropicalWeather/comments/1nxt4u0/the_nhc_has_highlighted_an_area_of_low_pressure/,,"['hurricane', 'storm', 'cyclone']",2025-10-15T09:22:54.350900,28.0,5.0
r/TropicalWeather,REDDIT,30 years ago today Hurricane Opal hit Florida (picture credit from AccuWeather),,https://reddit.com/r/TropicalWeather/comments/1ny0kt0/30_years_ago_today_hurricane_opal_hit_florida/,,['hurricane'],2025-10-15T09:22:54.350914,5.0,1.0
r/TropicalWeather,REDDIT,Are stronger more intense hurricanes coming off Africa safer?,"So let me start off that I am not a scientist and pieced this together with my limited knowledge.

I feel that the East Coast of the us has been incredibly spared this hurricane season, there have bee...",https://reddit.com/r/TropicalWeather/comments/1nxkcbl/are_stronger_more_intense_hurricanes_coming_off/,,"['hurricane', 'storm']",2025-10-15T09:22:54.350947,6.0,10.0
r/TropicalWeather,REDDIT,94W (Invest ‚Äî Western Pacific) (Philippine Sea),"# Latest observation
---
**Last updated:** Friday, 3 October ‚Äî¬†10:00 PM Chamorro Standard Time (ChST; 12:00 UTC)

| ATCF  |    |  10:00 PM ChST (12:00 UTC)
|:-|:-:|:-
| **Current location:**          ...",https://reddit.com/r/TropicalWeather/comments/1nx9l1a/94w_invest_western_pacific_philippine_sea/,,"['hurricane', 'storm', 'cyclone']",2025-10-15T09:22:54.351294,10.0,1.0
r/TropicalWeather,REDDIT,Shakhti (02A ‚Äî Northern Indian) (Northeastern Arabian Sea),"# Latest observation
---
**Last updated:** Thursday, 9 October ‚Äî¬†4:00 PM Gulf Standard Time (GST; 12:00 UTC)

| ATCF  |    |  4:00 PM GST (12:00 UTC)
|:-|:-:|:-
| **Current location:**        |     | ...",https://reddit.com/r/TropicalWeather/comments/1nx2vqp/shakhti_02a_northern_indian_northeastern_arabian/,,"['hurricane', 'storm', 'cyclone']",2025-10-15T09:22:54.351470,6.0,3.0
